SUMMARY OUTPUT,,,,,,,,
,,,,,,,,
Regression Statistics,,,,,,,,
Multiple R,0.364314895,,,,,,,
R Square,0.132725343,,,,,,,
Adjusted R Square,0.131661202,,,,,,,
Standard Error,575.7964633,,,,,,,
Observations,1633,,,,,,,
,,,,,,,,
ANOVA,,,,,,,,
,df,SS,MS,F,Significance F,,,
Regression,2,82703290.66,41351645.33,124.7253721,3.95981E-51,,,
Residual,1630,540412754.5,331541.5672,,,,,
Total,1632,623116045.1,,,,,,
,,,,,,,,
,Coefficients,Standard Error,t Stat,P-value,Lower 95%,Upper 95%,Lower 95.0%,Upper 95.0%
Intercept,981.7225527,41.26974899,23.78794581,1.2988E-107,900.7752239,1062.669881,900.7752239,1062.669881
bedroom,134.7364878,23.00452948,5.856954732,5.69099E-09,89.61493374,179.8580419,89.61493374,179.8580419
ft,0.268753434,0.030692318,8.75637469,4.94547E-18,0.208552895,0.328953973,0.208552895,0.328953973
,,,,,,,,
,,,,,,,,
,,,,,,,,
RESIDUAL OUTPUT,,,,,,,,
,,,,,,,,
Observation,Predicted Price,Residuals,,,,,,
1,1533.386634,-183.3866338,,,,,,
2,1511.348852,-511.3488522,,,,,,
3,1642.500528,-442.5005279,,,,,,
4,1890.919718,-390.9197183,,,,,,
5,1826.327877,323.6721233,,,,,,
6,2676.66804,-176.6680402,,,,,,
7,1250.835757,-575.8357574,,,,,,
8,1304.586444,-429.5864442,,,,,,
9,1587.137321,-287.1373206,,,,,,
10,1503.823756,-303.8237561,,,,,,
11,1493.073619,-1143.073619,,,,,,
12,1814.502726,-914.5027256,,,,,,
13,1600.574992,-400.5749923,,,,,,
14,1789.421938,-589.4219377,,,,,,
15,1724.023836,275.9761641,,,,,,
16,2146.955022,-946.9550222,,,,,,
17,1593.856156,106.1438436,,,,,,
18,1593.856156,106.1438436,,,,,,
19,1479.635947,-1329.635947,,,,,,
20,1358.337131,-933.3371309,,,,,,
21,1264.273429,-739.2734291,,,,,,
22,1446.041768,-821.0417678,,,,,,
23,1519.948962,-794.9489621,,,,,,
24,1641.247778,-916.2477782,,,,,,
25,1519.948962,-769.9489621,,,,,,
26,1843.172625,-996.1726245,,,,,,
27,1546.824305,-696.8243055,,,,,,
28,1506.51129,-656.5112904,,,,,,
29,1439.322932,-440.322932,,,,,,
30,1439.322932,-440.322932,,,,,,
31,1439.322932,-440.322932,,,,,,
32,1439.322932,-440.322932,,,,,,
33,1459.210686,-460.2106861,,,,,,
34,1439.322932,-440.322932,,,,,,
35,1439.322932,-440.322932,,,,,,
36,1304.586444,-484.5864442,,,,,,
37,1519.948962,-406.9489621,,,,,,
38,1493.073619,-23.07361873,,,,,,
39,1735.31148,-160.3114801,,,,,,
40,1296.523841,102.4761589,,,,,,
41,1497.10492,52.89507976,,,,,,
42,1789.062167,210.9378332,,,,,,
43,1514.573893,-489.5738934,,,,,,
44,2004.424685,-4.4246848,,,,,,
45,2468.384129,-93.38412904,,,,,,
46,2111.566287,483.4337126,,,,,,
47,1491.998605,-291.998605,,,,,,
48,1928.454182,-778.4541815,,,,,,
49,1546.824305,148.1756945,,,,,,
50,1321.786664,428.2133361,,,,,,
51,1446.041768,-847.0417678,,,,,,
52,2417.229959,182.7700409,,,,,,
53,1452.760604,-552.7606037,,,,,,
54,1277.711101,-1092.711101,,,,,,
55,1223.960414,-438.960414,,,,,,
56,1468.88581,-593.8858097,,,,,,
57,1468.88581,-593.8858097,,,,,,
58,1372.134574,-477.1345735,,,,,,
59,1519.948962,-569.9489621,,,,,,
60,1265.348443,-290.3484428,,,,,,
61,1799.274797,-704.2747973,,,,,,
62,1799.274797,-704.2747973,,,,,,
63,1636.67897,-536.6789699,,,,,,
64,1636.67897,-536.6789699,,,,,,
65,1627.810107,-527.8101065,,,,,,
66,1533.386634,-333.3866338,,,,,,
67,1800.349811,-300.3498111,,,,,,
68,1318.024116,-743.0241158,,,,,,
69,1170.209727,-555.2097272,,,,,,
70,1170.209727,-370.2097272,,,,,,
71,1264.273429,-439.2734291,,,,,,
72,1291.148772,-441.1487725,,,,,,
73,1200.578865,-335.5788653,,,,,,
74,1200.578865,-335.5788653,,,,,,
75,1318.024116,-393.0241158,,,,,,
76,1304.586444,-354.5864442,,,,,,
77,1466.198275,-516.1982754,,,,,,
78,1277.711101,-322.7111008,,,,,,
79,1277.711101,-322.7111008,,,,,,
80,1304.586444,-309.5864442,,,,,,
81,1479.635947,-484.635947,,,,,,
82,1439.322932,-440.322932,,,,,,
83,1304.586444,-304.5864442,,,,,,
84,1493.073619,-468.0736187,,,,,,
85,1471.573344,-436.573344,,,,,,
86,1479.635947,-444.635947,,,,,,
87,1479.635947,-444.635947,,,,,,
88,1479.635947,-444.635947,,,,,,
89,1471.573344,-436.573344,,,,,,
90,1471.573344,-436.573344,,,,,,
91,1471.573344,-436.573344,,,,,,
92,1471.573344,-436.573344,,,,,,
93,1471.573344,-436.573344,,,,,,
94,1471.573344,-436.573344,,,,,,
95,1471.573344,-436.573344,,,,,,
96,1471.573344,-436.573344,,,,,,
97,1471.573344,-436.573344,,,,,,
98,1479.635947,-444.635947,,,,,,
99,1471.573344,-436.573344,,,,,,
100,1460.2857,-390.2856998,,,,,,
101,1460.2857,-390.2856998,,,,,,
102,1460.2857,-305.2856998,,,,,,
103,1475.604646,-310.6046455,,,,,,
104,1512.692619,-307.6926194,,,,,,
105,1728.77038,-478.7703802,,,,,,
106,1708.076366,-408.0763658,,,,,,
107,1546.824305,-146.8243055,,,,,,
108,1789.062167,-289.0621668,,,,,,
109,1708.436137,-208.4361367,,,,,,
110,1789.062167,-289.0621668,,,,,,
111,1573.699649,26.30035112,,,,,,
112,1708.436137,-108.4361367,,,,,,
113,1293.567553,456.4324466,,,,,,
114,1255.942073,-480.9420726,,,,,,
115,1986.058434,-906.0584338,,,,,,
116,1600.574992,-100.5749923,,,,,,
117,2057.815601,-357.8156007,,,,,,
118,1479.635947,-504.635947,,,,,,
119,1277.711101,-302.7111008,,,,,,
120,1223.960414,-198.960414,,,,,,
121,1271.261018,-242.2610184,,,,,,
122,1405.997506,-376.9975062,,,,,,
123,1277.711101,-182.7111008,,,,,,
124,1223.960414,-123.960414,,,,,,
125,1506.51129,-406.5112904,,,,,,
126,1439.322932,-214.322932,,,,,,
127,1479.635947,-210.635947,,,,,,
128,1479.635947,-210.635947,,,,,,
129,1479.635947,-210.635947,,,,,,
130,1479.635947,-210.635947,,,,,,
131,1425.88526,-145.8852603,,,,,,
132,1654.68545,-359.6854499,,,,,,
133,1566.443306,-166.4433062,,,,,,
134,1495.761153,-66.76115307,,,,,,
135,1495.761153,-66.76115307,,,,,,
136,1495.761153,-66.76115307,,,,,,
137,1495.761153,-66.76115307,,,,,,
138,1495.761153,-66.76115307,,,,,,
139,1495.761153,-66.76115307,,,,,,
140,1495.761153,-66.76115307,,,,,,
141,1495.761153,-66.76115307,,,,,,
142,1495.761153,-66.76115307,,,,,,
143,1622.435038,-172.4350379,,,,,,
144,1573.699649,-63.69964888,,,,,,
145,1720.261288,-120.2612878,,,,,,
146,1802.499839,-202.4998385,,,,,,
147,1490.386084,159.6139156,,,,,,
148,1924.782651,50.21734908,,,,,,
149,1627.450336,472.5496644,,,,,,
150,1735.31148,364.6885199,,,,,,
151,1950.673998,149.326002,,,,,,
152,1250.835757,-755.8357574,,,,,,
153,1378.853409,-403.8534094,,,,,,
154,1826.150141,-751.1501407,,,,,,
155,1861.356841,-761.3568405,,,,,,
156,1385.212474,-260.2124743,,,,,,
157,1371.774803,-221.7748026,,,,,,
158,1344.899459,-194.8994592,,,,,,
159,1429.647808,-279.6478084,,,,,,
160,1230.948003,-30.94800329,,,,,,
161,1627.450336,-427.4503356,,,,,,
162,1487.967303,-262.9673035,,,,,,
163,1505.436277,-255.4362767,,,,,,
164,1519.948962,-219.9489621,,,,,,
165,1493.073619,-193.0736187,,,,,,
166,1681.560793,-381.5607933,,,,,,
167,1600.934763,-300.9347632,,,,,,
168,1600.934763,-300.9347632,,,,,,
169,1519.948962,-194.9489621,,,,,,
170,1573.699649,-223.6996489,,,,,,
171,1425.88526,-30.88526028,,,,,,
172,1600.574992,-200.5749923,,,,,,
173,1535.805415,-85.80541471,,,,,,
174,1303.51143,171.4885696,,,,,,
175,1654.68545,-179.6854499,,,,,,
176,1452.760604,36.23939634,,,,,,
177,1452.760604,36.23939634,,,,,,
178,1513.230126,-13.23012627,,,,,,
179,1560.261977,-60.26197719,,,,,,
180,1708.436137,-208.4361367,,,,,,
181,1322.324171,252.6758292,,,,,,
182,1340.868158,284.1318423,,,,,,
183,1337.643117,287.3568835,,,,,,
184,1519.948962,105.0510379,,,,,,
185,1708.436137,-8.436136695,,,,,,
186,1811.637455,-111.6374553,,,,,,
187,1789.062167,10.93783316,,,,,,
188,1789.062167,60.93783316,,,,,,
189,1640.888007,234.1119927,,,,,,
190,1735.31148,164.6885199,,,,,,
191,1504.361263,465.638737,,,,,,
192,2004.424685,-4.4246848,,,,,,
193,1539.836716,560.1632838,,,,,,
194,1534.461648,615.5383525,,,,,,
195,1569.937101,580.0628992,,,,,,
196,2259.740447,240.2595531,,,,,,
197,2731.138269,-81.13826883,,,,,,
198,1754.12422,1045.87578,,,,,,
199,1607.025075,-307.0250747,,,,,,
200,1573.699649,-78.69964888,,,,,,
201,1533.386634,-183.3866338,,,,,,
202,1930.96398,-235.9639799,,,,,,
203,1887.516941,1112.483059,,,,,,
204,1938.31134,-969.3113401,,,,,,
205,1466.198275,-291.1982754,,,,,,
206,1277.711101,22.28889923,,,,,,
207,1546.824305,953.1756945,,,,,,
208,1541.449237,1058.550763,,,,,,
209,1856.250525,-656.2505253,,,,,,
210,1654.68545,-354.6854499,,,,,,
211,1452.760604,-352.7606037,,,,,,
212,1381.181173,-281.1811728,,,,,,
213,1519.948962,-224.9489621,,,,,,
214,1257.017086,142.9829136,,,,,,
215,1250.835757,-250.8357574,,,,,,
216,1304.586444,-154.5864442,,,,,,
217,1223.960414,-23.96041401,,,,,,
218,1331.461788,-131.4617875,,,,,,
219,1496.029907,-201.0299065,,,,,,
220,1304.586444,95.41355585,,,,,,
221,1385.212474,64.7875257,,,,,,
222,1324.742952,175.2570483,,,,,,
223,1546.824305,-46.8243055,,,,,,
224,1398.650146,276.349854,,,,,,
225,1519.948962,180.0510379,,,,,,
226,1367.743501,432.2564989,,,,,,
227,1502.748742,347.2512576,,,,,,
228,1529.624086,450.3759143,,,,,,
229,1516.723921,478.2760791,,,,,,
230,1513.230126,486.7698737,,,,,,
231,1762.186823,737.8131765,,,,,,
232,2596.04201,103.9579899,,,,,,
233,1648.413103,1061.586897,,,,,,
234,2138.801402,611.1985983,,,,,,
235,1650.654148,-754.6541484,,,,,,
236,1518.336442,-523.3364415,,,,,,
237,1519.948962,-419.9489621,,,,,,
238,1977.189571,-477.1895705,,,,,,
239,1896.56354,-96.56354037,,,,,,
240,1471.573344,-621.573344,,,,,,
241,1493.073619,-493.0736187,,,,,,
242,1654.68545,-454.6854499,,,,,,
243,1510.273838,-260.2738385,,,,,,
244,1573.699649,26.30035112,,,,,,
245,1950.314227,249.6857729,,,,,,
246,1250.835757,-350.8357574,,,,,,
247,1506.51129,-406.5112904,,,,,,
248,1654.325679,-154.325679,,,,,,
249,2031.300028,-331.3000282,,,,,,
250,1681.560793,118.4392067,,,,,,
251,1315.336582,-250.3365815,,,,,,
252,1315.336582,-250.3365815,,,,,,
253,1315.336582,-250.3365815,,,,,,
254,1315.336582,-250.3365815,,,,,,
255,1315.336582,-250.3365815,,,,,,
256,1315.336582,-250.3365815,,,,,,
257,1627.810107,-527.8101065,,,,,,
258,1458.135672,-308.1356723,,,,,,
259,1458.135672,-308.1356723,,,,,,
260,1458.135672,-308.1356723,,,,,,
261,1458.135672,-308.1356723,,,,,,
262,1458.135672,-308.1356723,,,,,,
263,1458.135672,-308.1356723,,,,,,
264,1458.135672,-308.1356723,,,,,,
265,1458.135672,-308.1356723,,,,,,
266,1458.135672,-308.1356723,,,,,,
267,1458.135672,-308.1356723,,,,,,
268,1458.135672,-308.1356723,,,,,,
269,1331.461788,-131.4617875,,,,,,
270,1734.951709,-459.9517092,,,,,,
271,1734.951709,-459.9517092,,,,,,
272,1797.302506,-147.3025058,,,,,,
273,1245.460689,-570.4606887,,,,,,
274,1399.009917,-714.0099169,,,,,,
275,1546.824305,-271.8243055,,,,,,
276,1573.699649,276.3003511,,,,,,
277,1881.782102,118.2178985,,,,,,
278,1681.560793,1018.439207,,,,,,
279,1248.148223,-953.1482231,,,,,,
280,1291.148772,-941.1487725,,,,,,
281,1452.760604,-352.7606037,,,,,,
282,1519.948962,-269.9489621,,,,,,
283,1493.073619,-193.0736187,,,,,,
284,1399.009917,-49.0099169,,,,,,
285,1519.948962,-24.94896212,,,,,,
286,1600.215221,-100.2152214,,,,,,
287,1468.88581,31.11419031,,,,,,
288,1573.699649,126.3003511,,,,,,
289,1638.200473,61.79952701,,,,,,
290,1519.948962,280.0510379,,,,,,
291,1694.638694,180.3613059,,,,,,
292,1896.56354,103.4364596,,,,,,
293,1788.702396,411.2976041,,,,,,
294,2004.424685,195.5753152,,,,,,
295,5282.497036,-3032.497036,,,,,,
296,1433.856846,966.1431542,,,,,,
297,2057.815601,342.1843993,,,,,,
298,1654.68545,845.3145501,,,,,,
299,2461.305522,238.6944777,,,,,,
300,1949.239213,900.7607866,,,,,,
301,2111.566287,1488.433713,,,,,,
302,2407.914606,92.08539357,,,,,,
303,1266.960963,-197.9609634,,,,,,
304,1331.461788,-131.4617875,,,,,,
305,1342.211925,-53.21192489,,,,,,
306,1342.211925,-53.21192489,,,,,,
307,1342.211925,-53.21192489,,,,,,
308,1342.211925,-53.21192489,,,,,,
309,1342.211925,-53.21192489,,,,,,
310,1342.211925,-53.21192489,,,,,,
311,1342.211925,-53.21192489,,,,,,
312,1342.211925,-53.21192489,,,,,,
313,1342.211925,-53.21192489,,,,,,
314,1541.449237,-72.44923682,,,,,,
315,1497.10492,52.89507976,,,,,,
316,1493.073619,-293.0736187,,,,,,
317,1291.148772,-691.1487725,,,,,,
318,1291.148772,-541.1487725,,,,,,
319,1654.68545,-554.6854499,,,,,,
320,2192.552088,-992.5520885,,,,,,
321,1318.024116,-569.0241158,,,,,,
322,1600.574992,-305.5749923,,,,,,
323,1681.560793,-481.5607933,,,,,,
324,1654.325679,695.674321,,,,,,
325,2195.77713,1304.22287,,,,,,
326,1285.773704,-335.7737038,,,,,,
327,1290.880019,79.11998097,,,,,,
328,1290.880019,89.11998097,,,,,,
329,1290.880019,109.119981,,,,,,
330,1519.589191,-119.5891912,,,,,,
331,1556.230676,32.76932432,,,,,,
332,1560.799484,28.20051594,,,,,,
333,1556.230676,32.76932432,,,,,,
334,1560.799484,28.20051594,,,,,,
335,1556.230676,32.76932432,,,,,,
336,1466.198275,-171.1982754,,,,,,
337,1526.667798,-141.667798,,,,,,
338,1573.699649,-73.69964888,,,,,,
339,1573.699649,-73.69964888,,,,,,
340,1546.824305,-46.8243055,,,,,,
341,1614.012664,-14.01266395,,,,,,
342,1654.68545,-54.68544993,,,,,,
343,1869.688197,105.311803,,,,,,
344,1922.632623,-1064.632623,,,,,,
345,1805.187373,-480.1873729,,,,,,
346,1697.685999,-372.6859993,,,,,,
347,1815.93751,-440.9375102,,,,,,
348,1708.436137,-108.4361367,,,,,,
349,1581.493498,-931.4934985,,,,,,
350,1762.186823,-1112.186823,,,,,,
351,1218.585345,-418.5853453,,,,,,
352,1224.229167,-374.2291674,,,,,,
353,1223.960414,-298.960414,,,,,,
354,1452.760604,-477.7606037,,,,,,
355,1323.667938,-314.667938,,,,,,
356,1533.386634,-333.3866338,,,,,,
357,1762.186823,-112.1868235,,,,,,
358,1277.711101,-577.7111008,,,,,,
359,1670.810656,-970.810656,,,,,,
360,1301.89891,-537.8989098,,,,,,
361,1747.136631,-822.1366312,,,,,,
362,1519.948962,-569.9489621,,,,,,
363,1512.692619,-518.6926194,,,,,,
364,1512.692619,-518.6926194,,,,,,
365,1512.692619,-518.6926194,,,,,,
366,1512.692619,-518.6926194,,,,,,
367,1512.692619,-518.6926194,,,,,,
368,1654.68545,-459.6854499,,,,,,
369,1687.742122,-487.7421223,,,,,,
370,1709.242397,-460.242397,,,,,,
371,1709.242397,-460.242397,,,,,,
372,1627.450336,-377.4503356,,,,,,
373,1515.648907,-265.6489072,,,,,,
374,1515.648907,-260.6489072,,,,,,
375,1515.648907,-260.6489072,,,,,,
376,1515.648907,-260.6489072,,,,,,
377,1515.648907,-260.6489072,,,,,,
378,1515.648907,-260.6489072,,,,,,
379,1515.648907,-260.6489072,,,,,,
380,1515.648907,-260.6489072,,,,,,
381,1515.648907,-260.6489072,,,,,,
382,1515.648907,-260.6489072,,,,,,
383,1515.648907,-260.6489072,,,,,,
384,1515.648907,-260.6489072,,,,,,
385,1515.648907,-260.6489072,,,,,,
386,1515.648907,-260.6489072,,,,,,
387,1515.648907,-260.6489072,,,,,,
388,1515.648907,-260.6489072,,,,,,
389,1515.648907,-260.6489072,,,,,,
390,1515.648907,-260.6489072,,,,,,
391,1515.648907,-260.6489072,,,,,,
392,1515.648907,-260.6489072,,,,,,
393,1515.648907,-260.6489072,,,,,,
394,1515.648907,-260.6489072,,,,,,
395,1515.648907,-260.6489072,,,,,,
396,1515.648907,-260.6489072,,,,,,
397,1479.367194,-224.3671936,,,,,,
398,1515.648907,-260.6489072,,,,,,
399,1515.648907,-260.6489072,,,,,,
400,1515.648907,-260.6489072,,,,,,
401,1515.648907,-260.6489072,,,,,,
402,1515.648907,-260.6489072,,,,,,
403,1515.648907,-260.6489072,,,,,,
404,1515.648907,-260.6489072,,,,,,
405,1515.648907,-260.6489072,,,,,,
406,1515.648907,-260.6489072,,,,,,
407,1515.648907,-260.6489072,,,,,,
408,1515.648907,-260.6489072,,,,,,
409,1515.648907,-260.6489072,,,,,,
410,1515.648907,-260.6489072,,,,,,
411,1515.648907,-260.6489072,,,,,,
412,1515.648907,-260.6489072,,,,,,
413,1515.648907,-260.6489072,,,,,,
414,1515.648907,-260.6489072,,,,,,
415,1515.648907,-260.6489072,,,,,,
416,1515.648907,-260.6489072,,,,,,
417,1515.648907,-260.6489072,,,,,,
418,1515.648907,-260.6489072,,,,,,
419,1515.648907,-260.6489072,,,,,,
420,1515.648907,-260.6489072,,,,,,
421,1515.648907,-260.6489072,,,,,,
422,1515.648907,-260.6489072,,,,,,
423,1515.648907,-260.6489072,,,,,,
424,1519.948962,-244.9489621,,,,,,
425,1519.948962,-244.9489621,,,,,,
426,1331.461788,-31.46178754,,,,,,
427,1237.398086,212.6019143,,,,,,
428,1777.237016,-277.2370158,,,,,,
429,1735.31148,-235.3114801,,,,,,
430,1777.237016,-277.2370158,,,,,,
431,1525.324031,319.6759692,,,,,,
432,1525.324031,599.6759692,,,,,,
433,1525.324031,649.6759692,,,,,,
434,1183.647399,-608.6473989,,,,,,
435,1824.53762,-429.5376201,,,,,,
436,1515.648907,-260.6489072,,,,,,
437,1493.073619,-443.0736187,,,,,,
438,1331.461788,-436.4617875,,,,,,
439,1237.398086,-237.3980857,,,,,,
440,1509.198825,-384.1988248,,,,,,
441,1304.586444,45.41355585,,,,,,
442,1566.980813,-16.98081303,,,,,,
443,1573.699649,1.300351121,,,,,,
444,1303.780184,311.2198161,,,,,,
445,1303.780184,331.2198161,,,,,,
446,1303.780184,356.2198161,,,,,,
447,1316.142842,343.8571582,,,,,,
448,1303.780184,356.2198161,,,,,,
449,1303.780184,356.2198161,,,,,,
450,1303.780184,356.2198161,,,,,,
451,1303.780184,382.2198161,,,,,,
452,1303.780184,391.2198161,,,,,,
453,1303.780184,391.2198161,,,,,,
454,1303.780184,391.2198161,,,,,,
455,1303.780184,391.2198161,,,,,,
456,1303.780184,391.2198161,,,,,,
457,1303.780184,391.2198161,,,,,,
458,1303.780184,391.2198161,,,,,,
459,1303.780184,401.2198161,,,,,,
460,1303.780184,421.2198161,,,,,,
461,1303.780184,421.2198161,,,,,,
462,1303.780184,461.2198161,,,,,,
463,1303.780184,461.2198161,,,,,,
464,1303.780184,471.2198161,,,,,,
465,1303.780184,481.2198161,,,,,,
466,1303.780184,486.2198161,,,,,,
467,1303.780184,486.2198161,,,,,,
468,1525.324031,319.6759692,,,,,,
469,1525.324031,319.6759692,,,,,,
470,1525.324031,319.6759692,,,,,,
471,1525.324031,319.6759692,,,,,,
472,1525.324031,319.6759692,,,,,,
473,1525.324031,319.6759692,,,,,,
474,1525.324031,319.6759692,,,,,,
475,1525.324031,319.6759692,,,,,,
476,1525.324031,319.6759692,,,,,,
477,1519.680209,380.3197913,,,,,,
478,1519.948962,380.0510379,,,,,,
479,1519.680209,380.3197913,,,,,,
480,1519.948962,420.0510379,,,,,,
481,1519.680209,420.3197913,,,,,,
482,1316.142842,628.8571582,,,,,,
483,1522.636496,437.3635035,,,,,,
484,1519.680209,455.3197913,,,,,,
485,1519.680209,480.3197913,,,,,,
486,1519.948962,480.0510379,,,,,,
487,1519.948962,480.0510379,,,,,,
488,1519.948962,480.0510379,,,,,,
489,1522.636496,487.3635035,,,,,,
490,1519.948962,500.0510379,,,,,,
491,1522.636496,497.3635035,,,,,,
492,1544.943031,510.0569685,,,,,,
493,1519.680209,540.3197913,,,,,,
494,1522.636496,537.3635035,,,,,,
495,1519.680209,540.3197913,,,,,,
496,1844.425374,265.5746258,,,,,,
497,1708.076366,416.9236342,,,,,,
498,1525.324031,599.6759692,,,,,,
499,1525.324031,599.6759692,,,,,,
500,1844.425374,280.5746258,,,,,,
501,1844.425374,280.5746258,,,,,,
502,1844.425374,280.5746258,,,,,,
503,1844.425374,280.5746258,,,,,,
504,1844.425374,280.5746258,,,,,,
505,1844.425374,280.5746258,,,,,,
506,1844.425374,280.5746258,,,,,,
507,1844.425374,280.5746258,,,,,,
508,1844.425374,280.5746258,,,,,,
509,1844.425374,280.5746258,,,,,,
510,1844.425374,280.5746258,,,,,,
511,1844.425374,280.5746258,,,,,,
512,1844.425374,280.5746258,,,,,,
513,1844.425374,280.5746258,,,,,,
514,1844.425374,280.5746258,,,,,,
515,1844.425374,280.5746258,,,,,,
516,1844.425374,280.5746258,,,,,,
517,1844.425374,280.5746258,,,,,,
518,1844.425374,280.5746258,,,,,,
519,1844.425374,280.5746258,,,,,,
520,1844.425374,280.5746258,,,,,,
521,1844.425374,280.5746258,,,,,,
522,1844.425374,280.5746258,,,,,,
523,1844.425374,280.5746258,,,,,,
524,1844.425374,280.5746258,,,,,,
525,1844.425374,280.5746258,,,,,,
526,1844.425374,280.5746258,,,,,,
527,1844.425374,280.5746258,,,,,,
528,1844.425374,280.5746258,,,,,,
529,1844.425374,280.5746258,,,,,,
530,1844.425374,280.5746258,,,,,,
531,1844.425374,280.5746258,,,,,,
532,1844.425374,284.5746258,,,,,,
533,1525.324031,649.6759692,,,,,,
534,1844.425374,330.5746258,,,,,,
535,1844.425374,330.5746258,,,,,,
536,1844.425374,330.5746258,,,,,,
537,1412.447589,-512.4475886,,,,,,
538,1331.461788,-406.4617875,,,,,,
539,1506.51129,-496.5112904,,,,,,
540,1466.198275,-366.1982754,,,,,,
541,1519.948962,80.05103788,,,,,,
542,1762.186823,-112.1868235,,,,,,
543,1600.574992,-200.5749923,,,,,,
544,1479.635947,-604.635947,,,,,,
545,1519.948962,-419.9489621,,,,,,
546,1605.412554,-25.41255407,,,,,,
547,1635.87271,-885.8727096,,,,,,
548,1638.560244,-843.5602439,,,,,,
549,1638.560244,-788.5602439,,,,,,
550,1638.560244,-743.5602439,,,,,,
551,1953.361532,-958.3615324,,,,,,
552,1514.573893,185.4261066,,,,,,
553,1509.198825,-309.1988248,,,,,,
554,1509.198825,-309.1988248,,,,,,
555,1869.688197,-89.68819698,,,,,,
556,1842.812854,-62.8128536,,,,,,
557,1600.215221,-800.2152214,,,,,,
558,1318.024116,81.97588415,,,,,,
559,1708.076366,1691.923634,,,,,,
560,1483.398495,-783.3984951,,,,,,
561,1230.67925,-480.6792499,,,,,,
562,1747.136631,-997.1366312,,,,,,
563,1598.247229,-798.2472288,,,,,,
564,1600.306239,-767.3062388,,,,,,
565,1197.085071,-348.0850706,,,,,,
566,1197.085071,-348.0850706,,,,,,
567,1270.992265,-420.9922649,,,,,,
568,1304.586444,-429.5864442,,,,,,
569,1189.828728,-310.8287279,,,,,,
570,1197.085071,-318.0850706,,,,,,
571,1197.085071,-318.0850706,,,,,,
572,1189.828728,-310.8287279,,,,,,
573,1336.927874,-437.9278737,,,,,,
574,1250.835757,-325.8357574,,,,,,
575,1371.774803,-421.7748026,,,,,,
576,1438.963161,-443.9631611,,,,,,
577,1438.963161,-443.9631611,,,,,,
578,1438.963161,-443.9631611,,,,,,
579,1304.586444,-309.5864442,,,,,,
580,1285.773704,-290.7737038,,,,,,
581,1438.963161,-443.9631611,,,,,,
582,1304.586444,-304.5864442,,,,,,
583,1453.566864,-453.566864,,,,,,
584,1587.137321,-587.1373206,,,,,,
585,1453.566864,-453.566864,,,,,,
586,1293.836307,-264.8363068,,,,,,
587,1293.836307,-264.8363068,,,,,,
588,1293.836307,-264.8363068,,,,,,
589,1293.836307,-264.8363068,,,,,,
590,1398.650146,-348.650146,,,,,,
591,1446.848028,-396.8480281,,,,,,
592,1318.561623,-259.5616227,,,,,,
593,1401.697451,-332.6974512,,,,,,
594,1401.697451,-332.6974512,,,,,,
595,1401.697451,-332.6974512,,,,,,
596,1242.235648,-163.2356475,,,,,,
597,1242.235648,-163.2356475,,,,,,
598,1242.235648,-163.2356475,,,,,,
599,1242.235648,-163.2356475,,,,,,
600,1242.235648,-163.2356475,,,,,,
601,1242.235648,-163.2356475,,,,,,
602,1483.667249,-388.6672486,,,,,,
603,1286.579964,-187.5799641,,,,,,
604,1286.579964,-187.5799641,,,,,,
605,1286.579964,-187.5799641,,,,,,
606,1286.579964,-187.5799641,,,,,,
607,1519.948962,-419.9489621,,,,,,
608,1498.448687,-398.4486874,,,,,,
609,1708.436137,-608.4361367,,,,,,
610,1796.31851,-696.3185096,,,,,,
611,1498.986194,-376.9861943,,,,,,
612,1498.986194,-376.9861943,,,,,,
613,1498.986194,-376.9861943,,,,,,
614,1498.986194,-376.9861943,,,,,,
615,1552.199374,-427.1993742,,,,,,
616,1286.579964,-147.5799641,,,,,,
617,1286.579964,-147.5799641,,,,,,
618,1277.711101,-132.7111008,,,,,,
619,1277.711101,-132.7111008,,,,,,
620,1277.711101,-132.7111008,,,,,,
621,1277.711101,-132.7111008,,,,,,
622,1277.711101,-132.7111008,,,,,,
623,1277.711101,-132.7111008,,,,,,
624,1277.711101,-132.7111008,,,,,,
625,1277.711101,-132.7111008,,,,,,
626,1277.711101,-132.7111008,,,,,,
627,1277.711101,-132.7111008,,,,,,
628,1277.711101,-132.7111008,,,,,,
629,1277.711101,-132.7111008,,,,,,
630,1277.711101,-132.7111008,,,,,,
631,1277.711101,-132.7111008,,,,,,
632,1277.711101,-132.7111008,,,,,,
633,1277.711101,-132.7111008,,,,,,
634,1277.711101,-132.7111008,,,,,,
635,1277.711101,-132.7111008,,,,,,
636,1277.711101,-132.7111008,,,,,,
637,1277.711101,-132.7111008,,,,,,
638,1277.711101,-132.7111008,,,,,,
639,1277.711101,-132.7111008,,,,,,
640,1277.711101,-132.7111008,,,,,,
641,1277.711101,-132.7111008,,,,,,
642,1277.711101,-132.7111008,,,,,,
643,1277.711101,-132.7111008,,,,,,
644,1277.711101,-132.7111008,,,,,,
645,1277.711101,-132.7111008,,,,,,
646,1277.711101,-132.7111008,,,,,,
647,1277.711101,-132.7111008,,,,,,
648,1277.711101,-132.7111008,,,,,,
649,1277.711101,-132.7111008,,,,,,
650,1277.711101,-132.7111008,,,,,,
651,1277.711101,-132.7111008,,,,,,
652,1277.711101,-132.7111008,,,,,,
653,1277.711101,-132.7111008,,,,,,
654,1277.711101,-132.7111008,,,,,,
655,1277.711101,-132.7111008,,,,,,
656,1277.711101,-132.7111008,,,,,,
657,1277.711101,-132.7111008,,,,,,
658,1277.711101,-132.7111008,,,,,,
659,1277.711101,-132.7111008,,,,,,
660,1277.711101,-132.7111008,,,,,,
661,1277.711101,-132.7111008,,,,,,
662,1277.711101,-132.7111008,,,,,,
663,1277.711101,-132.7111008,,,,,,
664,1277.711101,-132.7111008,,,,,,
665,1277.711101,-132.7111008,,,,,,
666,1277.711101,-132.7111008,,,,,,
667,1277.711101,-132.7111008,,,,,,
668,1277.711101,-132.7111008,,,,,,
669,1277.711101,-132.7111008,,,,,,
670,1277.711101,-132.7111008,,,,,,
671,1277.711101,-132.7111008,,,,,,
672,1466.198275,-316.1982754,,,,,,
673,1627.810107,-477.8101065,,,,,,
674,1291.148772,-131.1487725,,,,,,
675,1291.148772,-131.1487725,,,,,,
676,1309.961513,-124.9615128,,,,,,
677,1288.461238,-103.4612381,,,,,,
678,1546.824305,-351.8243055,,,,,,
679,1573.699649,-373.6996489,,,,,,
680,1490.386084,-290.3860844,,,,,,
681,1576.387183,-376.3871832,,,,,,
682,1815.577739,-615.5777393,,,,,,
683,1681.560793,-481.5607933,,,,,,
684,1282.279909,-43.27990915,,,,,,
685,1282.279909,-43.27990915,,,,,,
686,1282.279909,-43.27990915,,,,,,
687,1282.279909,-43.27990915,,,,,,
688,1282.279909,-43.27990915,,,,,,
689,1282.279909,-43.27990915,,,,,,
690,1501.136222,-251.1362217,,,,,,
691,1708.436137,-458.4361367,,,,,,
692,1762.186823,-512.1868235,,,,,,
693,1448.191795,-189.1917953,,,,,,
694,1448.191795,-189.1917953,,,,,,
695,1448.191795,-189.1917953,,,,,,
696,1448.191795,-189.1917953,,,,,,
697,1448.191795,-189.1917953,,,,,,
698,1448.191795,-189.1917953,,,,,,
699,1598.247229,-339.2472288,,,,,,
700,1598.247229,-339.2472288,,,,,,
701,1342.211925,-53.21192489,,,,,,
702,1519.948962,-229.9489621,,,,,,
703,1546.824305,-251.8243055,,,,,,
704,1475.067139,-176.0671387,,,,,,
705,1475.067139,-176.0671387,,,,,,
706,1475.067139,-176.0671387,,,,,,
707,1475.067139,-176.0671387,,,,,,
708,1475.067139,-176.0671387,,,,,,
709,1475.067139,-176.0671387,,,,,,
710,1475.067139,-176.0671387,,,,,,
711,1448.191795,-149.1917953,,,,,,
712,1448.191795,-149.1917953,,,,,,
713,1475.067139,-176.0671387,,,,,,
714,1448.191795,-149.1917953,,,,,,
715,1475.067139,-176.0671387,,,,,,
716,1475.067139,-176.0671387,,,,,,
717,1475.067139,-176.0671387,,,,,,
718,1475.067139,-176.0671387,,,,,,
719,1475.067139,-176.0671387,,,,,,
720,1475.067139,-176.0671387,,,,,,
721,1331.461788,-31.46178754,,,,,,
722,1466.198275,-166.1982754,,,,,,
723,1519.948962,-219.9489621,,,,,,
724,1469.423317,-169.4233166,,,,,,
725,1843.172625,-543.1726245,,,,,,
726,1299.748882,10.25111765,,,,,,
727,1515.917661,-194.9176606,,,,,,
728,1681.201022,-356.2010224,,,,,,
729,1347.855747,-18.855747,,,,,,
730,1480.442207,-151.4422073,,,,,,
731,1482.592235,-153.5922348,,,,,,
732,1482.592235,-153.5922348,,,,,,
733,1482.592235,-153.5922348,,,,,,
734,1482.592235,-153.5922348,,,,,,
735,1482.592235,-153.5922348,,,,,,
736,1482.592235,-153.5922348,,,,,,
737,1482.592235,-153.5922348,,,,,,
738,1482.592235,-153.5922348,,,,,,
739,1482.592235,-153.5922348,,,,,,
740,1482.592235,-153.5922348,,,,,,
741,1482.592235,-153.5922348,,,,,,
742,1482.592235,-153.5922348,,,,,,
743,1482.592235,-153.5922348,,,,,,
744,1482.592235,-153.5922348,,,,,,
745,1482.592235,-153.5922348,,,,,,
746,1482.592235,-153.5922348,,,,,,
747,1418.806654,-88.80665353,,,,,,
748,1455.448138,-125.448138,,,,,,
749,1515.917661,-170.9176606,,,,,,
750,1480.442207,-131.4422073,,,,,,
751,1480.442207,-131.4422073,,,,,,
752,1480.442207,-131.4422073,,,,,,
753,1480.442207,-131.4422073,,,,,,
754,1480.442207,-131.4422073,,,,,,
755,1480.442207,-131.4422073,,,,,,
756,1480.442207,-131.4422073,,,,,,
757,1480.442207,-131.4422073,,,,,,
758,1627.450336,-277.4503356,,,,,,
759,1513.230126,-153.2301263,,,,,,
760,1513.230126,-153.2301263,,,,,,
761,1513.230126,-153.2301263,,,,,,
762,1513.230126,-153.2301263,,,,,,
763,1479.635947,-104.635947,,,,,,
764,1480.442207,-101.4422073,,,,,,
765,1515.917661,-134.9176606,,,,,,
766,1515.917661,-124.9176606,,,,,,
767,1748.749152,-353.7491518,,,,,,
768,1815.93751,-420.9375102,,,,,,
769,1789.062167,-394.0621668,,,,,,
770,1748.749152,-353.7491518,,,,,,
771,1519.948962,-119.9489621,,,,,,
772,1573.699649,-173.6996489,,,,,,
773,1654.325679,-254.325679,,,,,,
774,1681.560793,-281.5607933,,,,,,
775,1681.560793,-281.5607933,,,,,,
776,1627.810107,-227.8101065,,,,,,
777,1515.917661,-110.9176606,,,,,,
778,1515.917661,-94.91766061,,,,,,
779,1518.067688,-97.06768808,,,,,,
780,1318.024116,106.9758842,,,,,,
781,1318.024116,106.9758842,,,,,,
782,1318.024116,106.9758842,,,,,,
783,1452.760604,-27.76060366,,,,,,
784,1750.092919,-321.0929189,,,,,,
785,1750.092919,-321.0929189,,,,,,
786,1750.092919,-321.0929189,,,,,,
787,1750.092919,-321.0929189,,,,,,
788,1750.092919,-321.0929189,,,,,,
789,1750.092919,-321.0929189,,,,,,
790,1362.905939,85.09406071,,,,,,
791,1762.186823,-312.1868235,,,,,,
792,1681.560793,-231.5607933,,,,,,
793,1515.917661,-64.91766061,,,,,,
794,1513.230126,-58.23012627,,,,,,
795,1513.230126,-58.23012627,,,,,,
796,1513.230126,-58.23012627,,,,,,
797,1513.230126,-58.23012627,,,,,,
798,1513.230126,-58.23012627,,,,,,
799,1513.230126,-58.23012627,,,,,,
800,1515.917661,-54.91766061,,,,,,
801,1515.917661,-54.91766061,,,,,,
802,1515.917661,-54.91766061,,,,,,
803,1515.917661,-54.91766061,,,,,,
804,1514.842647,-39.84264687,,,,,,
805,1513.230126,-38.23012627,,,,,,
806,1513.230126,-38.23012627,,,,,,
807,1513.230126,-38.23012627,,,,,,
808,1313.992814,181.0071857,,,,,,
809,1272.336032,222.6639679,,,,,,
810,1313.992814,181.0071857,,,,,,
811,1762.186823,-267.1868235,,,,,,
812,1950.673998,-455.673998,,,,,,
813,1349.468268,146.5317324,,,,,,
814,1362.905939,135.0940607,,,,,,
815,1362.905939,135.0940607,,,,,,
816,1573.699649,-73.69964888,,,,,,
817,1740.686549,-240.6865488,,,,,,
818,1896.56354,-396.5635404,,,,,,
819,1731.280179,-231.2801786,,,,,,
820,1731.280179,-231.2801786,,,,,,
821,1313.992814,191.0071857,,,,,,
822,1313.992814,211.0071857,,,,,,
823,1515.917661,25.08233939,,,,,,
824,1515.917661,25.08233939,,,,,,
825,1515.917661,25.08233939,,,,,,
826,1573.699649,-23.69964888,,,,,,
827,1546.824305,3.175694503,,,,,,
828,1731.280179,-181.2801786,,,,,,
829,1573.699649,-14.69964888,,,,,,
830,1573.699649,-14.69964888,,,,,,
831,1573.699649,-14.69964888,,,,,,
832,1573.699649,-14.69964888,,,,,,
833,1573.699649,-14.69964888,,,,,,
834,1573.699649,-14.69964888,,,,,,
835,1573.699649,-14.69964888,,,,,,
836,1573.699649,-14.69964888,,,,,,
837,1573.699649,-14.69964888,,,,,,
838,1573.699649,-14.69964888,,,,,,
839,1573.699649,-14.69964888,,,,,,
840,1573.699649,-14.69964888,,,,,,
841,1573.699649,-14.69964888,,,,,,
842,1573.699649,-14.69964888,,,,,,
843,1307.811485,267.1885146,,,,,,
844,1307.811485,267.1885146,,,,,,
845,1303.780184,276.2198161,,,,,,
846,1560.261977,19.73802281,,,,,,
847,1533.386634,46.61336619,,,,,,
848,1560.261977,19.73802281,,,,,,
849,1560.261977,19.73802281,,,,,,
850,1560.261977,19.73802281,,,,,,
851,1277.711101,317.2888992,,,,,,
852,1533.11788,61.88211963,,,,,,
853,1789.062167,-194.0621668,,,,,,
854,1600.574992,-0.574992261,,,,,,
855,2211.542565,-611.5425648,,,,,,
856,1553.543141,56.45685866,,,,,,
857,1553.543141,56.45685866,,,,,,
858,1553.543141,56.45685866,,,,,,
859,1553.543141,56.45685866,,,,,,
860,1553.543141,56.45685866,,,,,,
861,1522.09899,97.90101041,,,,,,
862,1522.09899,97.90101041,,,,,,
863,1522.09899,97.90101041,,,,,,
864,1522.09899,97.90101041,,,,,,
865,1522.09899,97.90101041,,,,,,
866,1522.09899,97.90101041,,,,,,
867,1522.09899,97.90101041,,,,,,
868,1522.09899,97.90101041,,,,,,
869,1522.09899,97.90101041,,,,,,
870,1522.09899,97.90101041,,,,,,
871,1522.09899,97.90101041,,,,,,
872,1525.861538,94.13846234,,,,,,
873,1522.09899,97.90101041,,,,,,
874,1496.029907,138.9700935,,,,,,
875,1501.136222,133.8637783,,,,,,
876,1501.136222,133.8637783,,,,,,
877,1501.136222,133.8637783,,,,,,
878,1496.029907,138.9700935,,,,,,
879,1501.136222,133.8637783,,,,,,
880,1501.136222,133.8637783,,,,,,
881,1501.136222,133.8637783,,,,,,
882,1496.029907,138.9700935,,,,,,
883,1501.136222,133.8637783,,,,,,
884,1496.029907,138.9700935,,,,,,
885,1501.136222,133.8637783,,,,,,
886,1501.136222,133.8637783,,,,,,
887,1501.136222,133.8637783,,,,,,
888,1501.136222,133.8637783,,,,,,
889,1496.029907,138.9700935,,,,,,
890,1501.136222,133.8637783,,,,,,
891,1546.824305,88.1756945,,,,,,
892,1546.824305,88.1756945,,,,,,
893,1501.136222,133.8637783,,,,,,
894,1501.136222,133.8637783,,,,,,
895,1496.029907,138.9700935,,,,,,
896,1496.029907,138.9700935,,,,,,
897,1485.011016,149.9889843,,,,,,
898,1496.029907,138.9700935,,,,,,
899,1496.029907,138.9700935,,,,,,
900,1333.074308,316.9256919,,,,,,
901,1627.450336,22.54966436,,,,,,
902,1627.450336,22.54966436,,,,,,
903,1627.450336,22.54966436,,,,,,
904,1573.699649,76.30035112,,,,,,
905,1720.261288,-70.26128778,,,,,,
906,1531.774113,128.2258868,,,,,,
907,1531.774113,128.2258868,,,,,,
908,1531.774113,128.2258868,,,,,,
909,1531.774113,128.2258868,,,,,,
910,1531.774113,128.2258868,,,,,,
911,1573.430895,91.56910455,,,,,,
912,1573.430895,91.56910455,,,,,,
913,1573.430895,91.56910455,,,,,,
914,1333.074308,346.9256919,,,,,,
915,1546.824305,133.1756945,,,,,,
916,1544.136771,140.8632288,,,,,,
917,1553.543141,146.4568587,,,,,,
918,1553.543141,146.4568587,,,,,,
919,1553.543141,146.4568587,,,,,,
920,1553.543141,146.4568587,,,,,,
921,1553.543141,146.4568587,,,,,,
922,1553.543141,146.4568587,,,,,,
923,1553.543141,146.4568587,,,,,,
924,1553.543141,146.4568587,,,,,,
925,1553.543141,146.4568587,,,,,,
926,1553.543141,146.4568587,,,,,,
927,1553.543141,146.4568587,,,,,,
928,1553.543141,146.4568587,,,,,,
929,1553.543141,146.4568587,,,,,,
930,1553.543141,146.4568587,,,,,,
931,1553.543141,146.4568587,,,,,,
932,1681.560793,18.43920669,,,,,,
933,2020.549891,-320.5498908,,,,,,
934,1498.986194,206.0138057,,,,,,
935,1498.986194,206.0138057,,,,,,
936,1498.986194,206.0138057,,,,,,
937,1573.699649,136.3003511,,,,,,
938,1573.699649,136.3003511,,,,,,
939,1573.699649,136.3003511,,,,,,
940,1501.136222,208.8637783,,,,,,
941,1537.149182,217.8508181,,,,,,
942,1525.861538,229.1384623,,,,,,
943,1537.149182,217.8508181,,,,,,
944,1537.149182,217.8508181,,,,,,
945,1546.824305,238.1756945,,,,,,
946,1546.824305,238.1756945,,,,,,
947,1546.824305,238.1756945,,,,,,
948,1529.355332,255.6446677,,,,,,
949,1523.174003,261.8259967,,,,,,
950,1543.868018,241.1319823,,,,,,
951,1523.174003,261.8259967,,,,,,
952,1523.174003,261.8259967,,,,,,
953,1546.824305,238.1756945,,,,,,
954,1546.824305,238.1756945,,,,,,
955,1546.824305,238.1756945,,,,,,
956,1523.174003,261.8259967,,,,,,
957,1529.355332,255.6446677,,,,,,
958,1523.174003,261.8259967,,,,,,
959,1523.174003,261.8259967,,,,,,
960,1523.174003,261.8259967,,,,,,
961,1523.174003,261.8259967,,,,,,
962,1523.174003,261.8259967,,,,,,
963,1529.355332,255.6446677,,,,,,
964,1529.355332,255.6446677,,,,,,
965,1523.174003,261.8259967,,,,,,
966,1546.824305,238.1756945,,,,,,
967,1523.174003,261.8259967,,,,,,
968,1527.742812,282.2571883,,,,,,
969,1529.355332,280.6446677,,,,,,
970,1529.355332,280.6446677,,,,,,
971,1529.355332,280.6446677,,,,,,
972,1525.324031,284.6759692,,,,,,
973,1527.742812,282.2571883,,,,,,
974,1525.324031,284.6759692,,,,,,
975,1529.355332,280.6446677,,,,,,
976,1529.355332,280.6446677,,,,,,
977,1525.324031,284.6759692,,,,,,
978,1525.324031,284.6759692,,,,,,
979,1557.574443,252.4255572,,,,,,
980,1525.324031,284.6759692,,,,,,
981,1529.355332,280.6446677,,,,,,
982,1527.742812,282.2571883,,,,,,
983,1527.742812,282.2571883,,,,,,
984,1525.324031,284.6759692,,,,,,
985,1529.355332,280.6446677,,,,,,
986,1529.355332,280.6446677,,,,,,
987,1527.742812,282.2571883,,,,,,
988,1525.324031,284.6759692,,,,,,
989,1529.355332,280.6446677,,,,,,
990,1529.355332,280.6446677,,,,,,
991,1557.574443,252.4255572,,,,,,
992,1529.355332,280.6446677,,,,,,
993,1529.355332,280.6446677,,,,,,
994,1527.742812,282.2571883,,,,,,
995,1557.574443,252.4255572,,,,,,
996,1529.355332,280.6446677,,,,,,
997,1525.324031,284.6759692,,,,,,
998,1529.355332,280.6446677,,,,,,
999,1525.324031,284.6759692,,,,,,
1000,1527.742812,282.2571883,,,,,,
1001,1529.355332,280.6446677,,,,,,
1002,1529.355332,280.6446677,,,,,,
1003,1529.355332,280.6446677,,,,,,
1004,1525.324031,284.6759692,,,,,,
1005,1660.060519,149.9394814,,,,,,
1006,1557.574443,257.4255572,,,,,,
1007,1557.574443,257.4255572,,,,,,
1008,1529.355332,320.6446677,,,,,,
1009,1529.355332,320.6446677,,,,,,
1010,1557.574443,292.4255572,,,,,,
1011,1557.574443,292.4255572,,,,,,
1012,1557.574443,292.4255572,,,,,,
1013,1557.574443,292.4255572,,,,,,
1014,1557.574443,292.4255572,,,,,,
1015,1529.355332,320.6446677,,,,,,
1016,1529.355332,320.6446677,,,,,,
1017,1529.355332,320.6446677,,,,,,
1018,1557.574443,292.4255572,,,,,,
1019,1557.574443,292.4255572,,,,,,
1020,1557.574443,292.4255572,,,,,,
1021,1557.574443,292.4255572,,,,,,
1022,1529.355332,320.6446677,,,,,,
1023,1529.355332,320.6446677,,,,,,
1024,1529.355332,320.6446677,,,,,,
1025,1557.574443,292.4255572,,,,,,
1026,1557.574443,292.4255572,,,,,,
1027,1557.574443,292.4255572,,,,,,
1028,1557.574443,292.4255572,,,,,,
1029,1557.574443,292.4255572,,,,,,
1030,1557.574443,292.4255572,,,,,,
1031,1529.355332,320.6446677,,,,,,
1032,1557.574443,292.4255572,,,,,,
1033,1646.263076,228.736924,,,,,,
1034,1646.263076,228.736924,,,,,,
1035,1646.263076,228.736924,,,,,,
1036,1646.263076,228.736924,,,,,,
1037,1646.263076,228.736924,,,,,,
1038,1646.263076,228.736924,,,,,,
1039,1646.263076,228.736924,,,,,,
1040,1646.263076,228.736924,,,,,,
1041,1646.263076,228.736924,,,,,,
1042,1646.263076,228.736924,,,,,,
1043,1646.263076,228.736924,,,,,,
1044,1646.263076,228.736924,,,,,,
1045,1646.263076,228.736924,,,,,,
1046,1544.136771,345.8632288,,,,,,
1047,1544.136771,345.8632288,,,,,,
1048,1544.136771,345.8632288,,,,,,
1049,1544.136771,345.8632288,,,,,,
1050,1544.136771,345.8632288,,,,,,
1051,1493.073619,406.9263813,,,,,,
1052,1548.70558,366.2944205,,,,,,
1053,1548.70558,366.2944205,,,,,,
1054,1548.70558,366.2944205,,,,,,
1055,1548.70558,366.2944205,,,,,,
1056,1548.70558,366.2944205,,,,,,
1057,1654.325679,345.674321,,,,,,
1058,1654.325679,435.674321,,,,,,
1059,1531.774113,558.2258868,,,,,,
1060,1531.50536,558.4946402,,,,,,
1061,1548.70558,541.2944205,,,,,,
1062,2132.173583,-33.17358334,,,,,,
1063,2132.173583,-33.17358334,,,,,,
1064,1658.356981,486.6430195,,,,,,
1065,1793.093468,351.9065317,,,,,,
1066,1793.093468,351.9065317,,,,,,
1067,1793.093468,351.9065317,,,,,,
1068,2132.173583,66.82641666,,,,,,
1069,2132.173583,66.82641666,,,,,,
1070,2132.173583,66.82641666,,,,,,
1071,2132.173583,66.82641666,,,,,,
1072,2132.173583,66.82641666,,,,,,
1073,2132.173583,66.82641666,,,,,,
1074,2132.173583,66.82641666,,,,,,
1075,1285.773704,914.2262962,,,,,,
1076,1566.980813,683.019187,,,,,,
1077,1869.688197,430.311803,,,,,,
1078,1832.509206,517.4907944,,,,,,
1079,1635.512939,964.4870613,,,,,,
1080,1635.512939,964.4870613,,,,,,
1081,1635.512939,964.4870613,,,,,,
1082,1627.450336,972.5496644,,,,,,
1083,1635.512939,964.4870613,,,,,,
1084,1657.013213,997.9867866,,,,,,
1085,1657.013213,997.9867866,,,,,,
1086,1654.68545,-404.6854499,,,,,,
1087,1654.68545,-379.6854499,,,,,,
1088,2098.128616,496.8713843,,,,,,
1089,1456.163381,-956.1633808,,,,,,
1090,1399.009917,-849.0099169,,,,,,
1091,1534.192894,-434.1928941,,,,,,
1092,1941.982871,-241.9828707,,,,,,
1093,1839.587812,160.4121876,,,,,,
1094,1433.410356,-569.4103564,,,,,,
1095,1186.87244,-307.8724401,,,,,,
1096,1266.69221,-67.69220999,,,,,,
1097,1476.948413,-101.9484127,,,,,,
1098,1487.69855,-112.6985501,,,,,,
1099,1487.69855,-62.69855006,,,,,,
1100,1487.69855,-62.69855006,,,,,,
1101,1487.69855,-12.69855006,,,,,,
1102,1573.699649,201.3003511,,,,,,
1103,1318.024116,101.9758842,,,,,,
1104,1318.024116,101.9758842,,,,,,
1105,1553.005634,-678.0056345,,,,,,
1106,1237.398086,-337.3980857,,,,,,
1107,1443.622987,-344.6229869,,,,,,
1108,1443.622987,-344.6229869,,,,,,
1109,1443.622987,-344.6229869,,,,,,
1110,1443.622987,-344.6229869,,,,,,
1111,1443.622987,-344.6229869,,,,,,
1112,1443.622987,-344.6229869,,,,,,
1113,1443.622987,-344.6229869,,,,,,
1114,1443.622987,-344.6229869,,,,,,
1115,1443.622987,-344.6229869,,,,,,
1116,1443.622987,-344.6229869,,,,,,
1117,1443.622987,-344.6229869,,,,,,
1118,1443.622987,-344.6229869,,,,,,
1119,1277.711101,-177.7111008,,,,,,
1120,1277.711101,-108.7111008,,,,,,
1121,1277.711101,-108.7111008,,,,,,
1122,1277.711101,-108.7111008,,,,,,
1123,1277.711101,-108.7111008,,,,,,
1124,1277.711101,-108.7111008,,,,,,
1125,1277.711101,-108.7111008,,,,,,
1126,1291.148772,-102.1487725,,,,,,
1127,1291.148772,-102.1487725,,,,,,
1128,1291.148772,-102.1487725,,,,,,
1129,1291.148772,-102.1487725,,,,,,
1130,1291.148772,-102.1487725,,,,,,
1131,1291.148772,-102.1487725,,,,,,
1132,1291.148772,-102.1487725,,,,,,
1133,1277.711101,-88.71110077,,,,,,
1134,1291.148772,-102.1487725,,,,,,
1135,1291.148772,-102.1487725,,,,,,
1136,1291.148772,-102.1487725,,,,,,
1137,1291.148772,-102.1487725,,,,,,
1138,1486.354783,-237.3547829,,,,,,
1139,1486.354783,-237.3547829,,,,,,
1140,1486.354783,-237.3547829,,,,,,
1141,1486.354783,-237.3547829,,,,,,
1142,1486.354783,-237.3547829,,,,,,
1143,1486.354783,-237.3547829,,,,,,
1144,1486.354783,-217.3547829,,,,,,
1145,1506.51129,-237.5112904,,,,,,
1146,1506.51129,-237.5112904,,,,,,
1147,1506.51129,-237.5112904,,,,,,
1148,1486.354783,-197.3547829,,,,,,
1149,1486.354783,-197.3547829,,,,,,
1150,1280.936142,88.06385802,,,,,,
1151,1514.573893,-119.5738934,,,,,,
1152,1479.635947,-79.63594704,,,,,,
1153,1293.2988,155.7012001,,,,,,
1154,1293.2988,155.7012001,,,,,,
1155,1293.2988,155.7012001,,,,,,
1156,1293.2988,155.7012001,,,,,,
1157,1293.2988,155.7012001,,,,,,
1158,1519.948962,-24.94896212,,,,,,
1159,1510.273838,178.7261615,,,,,,
1160,1510.273838,178.7261615,,,,,,
1161,1510.273838,178.7261615,,,,,,
1162,1510.273838,178.7261615,,,,,,
1163,1510.273838,178.7261615,,,,,,
1164,1510.273838,178.7261615,,,,,,
1165,1510.273838,178.7261615,,,,,,
1166,1510.273838,178.7261615,,,,,,
1167,1510.273838,178.7261615,,,,,,
1168,1510.273838,178.7261615,,,,,,
1169,1510.273838,178.7261615,,,,,,
1170,1510.273838,178.7261615,,,,,,
1171,1510.273838,178.7261615,,,,,,
1172,1802.499839,197.5001615,,,,,,
1173,1757.795751,441.204249,,,,,,
1174,1892.532239,306.4677611,,,,,,
1175,1892.532239,306.4677611,,,,,,
1176,1892.532239,306.4677611,,,,,,
1177,1892.532239,306.4677611,,,,,,
1178,1892.532239,306.4677611,,,,,,
1179,1892.532239,306.4677611,,,,,,
1180,1892.532239,306.4677611,,,,,,
1181,1892.532239,306.4677611,,,,,,
1182,1892.532239,306.4677611,,,,,,
1183,1892.532239,306.4677611,,,,,,
1184,1892.532239,306.4677611,,,,,,
1185,1892.532239,306.4677611,,,,,,
1186,1892.532239,306.4677611,,,,,,
1187,1892.532239,306.4677611,,,,,,
1188,1892.532239,306.4677611,,,,,,
1189,1892.532239,306.4677611,,,,,,
1190,1892.532239,306.4677611,,,,,,
1191,1573.699649,676.3003511,,,,,,
1192,1815.93751,-1115.93751,,,,,,
1193,1923.438884,-523.4388837,,,,,,
1194,1546.286799,248.7132014,,,,,,
1195,1339.255637,260.7443629,,,,,,
1196,1681.560793,-186.5607933,,,,,,
1197,1514.573893,-794.5738934,,,,,,
1198,1257.554593,-457.5545932,,,,,,
1199,1508.661318,-413.6613179,,,,,,
1200,1452.760604,-343.7606037,,,,,,
1201,1277.711101,-127.7111008,,,,,,
1202,1311.30528,-136.30528,,,,,,
1203,1257.554593,-32.55459324,,,,,,
1204,1479.635947,-229.635947,,,,,,
1205,1681.560793,-431.5607933,,,,,,
1206,1269.648498,-14.64849776,,,,,,
1207,1469.960823,-200.9608234,,,,,,
1208,1480.710961,-211.7109608,,,,,,
1209,1474.798385,-205.7983852,,,,,,
1210,1331.461788,-31.46178754,,,,,,
1211,1519.948962,-219.9489621,,,,,,
1212,1681.201022,-381.2010224,,,,,,
1213,1519.948962,-219.9489621,,,,,,
1214,1708.436137,-408.4361367,,,,,,
1215,1789.062167,-489.0621668,,,,,,
1216,1313.724061,31.2759391,,,,,,
1217,1514.573893,-169.5738934,,,,,,
1218,1514.573893,-169.5738934,,,,,,
1219,1474.798385,-124.7983852,,,,,,
1220,1514.573893,-164.5738934,,,,,,
1221,1519.948962,-169.9489621,,,,,,
1222,1479.635947,-129.635947,,,,,,
1223,1533.386634,-158.3866338,,,,,,
1224,1514.573893,-119.5738934,,,,,,
1225,1266.960963,132.0390366,,,,,,
1226,1493.073619,-93.07361873,,,,,,
1227,1519.948962,-119.9489621,,,,,,
1228,1573.699649,-173.6996489,,,,,,
1229,1529.892839,-129.8928392,,,,,,
1230,1533.386634,-108.3866338,,,,,,
1231,1533.386634,-108.3866338,,,,,,
1232,1533.386634,-108.3866338,,,,,,
1233,1533.386634,-108.3866338,,,,,,
1234,1533.386634,-108.3866338,,,,,,
1235,1474.798385,-34.79838523,,,,,,
1236,1266.960963,183.0390366,,,,,,
1237,1370.699789,79.30021113,,,,,,
1238,1266.960963,183.0390366,,,,,,
1239,1266.960963,183.0390366,,,,,,
1240,1600.574992,-150.5749923,,,,,,
1241,1533.386634,-83.38663381,,,,,,
1242,1511.080099,-61.0800988,,,,,,
1243,1514.573893,-64.57389344,,,,,,
1244,1735.31148,-285.3114801,,,,,,
1245,1533.386634,-78.38663381,,,,,,
1246,1452.760604,22.23939634,,,,,,
1247,1452.760604,22.23939634,,,,,,
1248,1529.892839,-49.89283917,,,,,,
1249,1529.892839,-49.89283917,,,,,,
1250,1529.892839,-49.89283917,,,,,,
1251,1533.386634,-48.38663381,,,,,,
1252,1519.948962,-26.94896212,,,,,,
1253,1519.948962,-26.94896212,,,,,,
1254,1514.573893,-19.57389344,,,,,,
1255,1514.573893,-19.57389344,,,,,,
1256,1514.573893,-19.57389344,,,,,,
1257,1514.573893,-19.57389344,,,,,,
1258,1452.760604,47.23939634,,,,,,
1259,1452.760604,47.23939634,,,,,,
1260,1452.760604,47.23939634,,,,,,
1261,1452.760604,47.23939634,,,,,,
1262,1452.760604,47.23939634,,,,,,
1263,1479.635947,20.36405296,,,,,,
1264,1708.436137,-208.4361367,,,,,,
1265,1627.810107,-127.8101065,,,,,,
1266,1681.560793,-181.5607933,,,,,,
1267,1312.649047,191.3509528,,,,,,
1268,1312.649047,191.3509528,,,,,,
1269,1514.573893,-9.573893439,,,,,,
1270,1514.573893,-9.573893439,,,,,,
1271,1514.573893,-9.573893439,,,,,,
1272,1514.573893,-9.573893439,,,,,,
1273,1514.573893,-9.573893439,,,,,,
1274,1316.680349,208.3196513,,,,,,
1275,1340.599404,184.4005957,,,,,,
1276,1533.386634,-8.386633806,,,,,,
1277,1533.386634,-8.386633806,,,,,,
1278,1533.386634,-8.386633806,,,,,,
1279,1573.699649,-23.69964888,,,,,,
1280,1533.386634,16.61336619,,,,,,
1281,1513.230126,36.76987373,,,,,,
1282,1314.530321,260.4696788,,,,,,
1283,1353.768323,221.2316775,,,,,,
1284,1314.530321,260.4696788,,,,,,
1285,1354.305829,220.6941706,,,,,,
1286,1708.436137,-113.4361367,,,,,,
1287,1339.255637,260.7443629,,,,,,
1288,1332.268048,267.7319522,,,,,,
1289,1332.268048,267.7319522,,,,,,
1290,1369.356022,230.6439783,,,,,,
1291,1332.268048,267.7319522,,,,,,
1292,1668.123122,-68.12312162,,,,,,
1293,1373.11857,251.8814302,,,,,,
1294,1341.674418,283.325582,,,,,,
1295,1370.968542,254.0314577,,,,,,
1296,1367.474748,257.5252523,,,,,,
1297,1367.474748,257.5252523,,,,,,
1298,1356.187103,268.8128966,,,,,,
1299,1396.768872,228.231128,,,,,,
1300,1320.71165,304.2883498,,,,,,
1301,1339.255637,285.7443629,,,,,,
1302,1363.980953,262.019047,,,,,,
1303,1678.335752,-49.33575211,,,,,,
1304,1678.335752,-49.33575211,,,,,,
1305,1367.205994,282.7940058,,,,,,
1306,1546.555552,103.4444479,,,,,,
1307,1546.555552,103.4444479,,,,,,
1308,1593.856156,106.1438436,,,,,,
1309,1789.062167,-89.06216684,,,,,,
1310,1537.686689,187.3133113,,,,,,
1311,1538.761702,198.2382975,,,,,,
1312,1663.28556,75.71444019,,,,,,
1313,1547.361812,202.6381876,,,,,,
1314,1599.768732,150.231268,,,,,,
1315,1546.824305,203.1756945,,,,,,
1316,1546.824305,203.1756945,,,,,,
1317,1654.68545,95.31455007,,,,,,
1318,1528.011565,257.9884349,,,,,,
1319,1513.230126,278.7698737,,,,,,
1320,1513.230126,278.7698737,,,,,,
1321,1507.048797,287.9512027,,,,,,
1322,1546.286799,248.7132014,,,,,,
1323,1546.286799,248.7132014,,,,,,
1324,1546.286799,248.7132014,,,,,,
1325,1546.555552,248.4444479,,,,,,
1326,1546.286799,248.7132014,,,,,,
1327,1546.286799,248.7132014,,,,,,
1328,1495.223646,299.7763538,,,,,,
1329,1568.055827,226.9441732,,,,,,
1330,1546.286799,248.7132014,,,,,,
1331,1546.286799,248.7132014,,,,,,
1332,1506.780044,288.2199561,,,,,,
1333,1495.223646,299.7763538,,,,,,
1334,1546.018045,248.9819548,,,,,,
1335,1546.286799,248.7132014,,,,,,
1336,1546.286799,248.7132014,,,,,,
1337,1546.286799,248.7132014,,,,,,
1338,1546.286799,248.7132014,,,,,,
1339,1546.286799,248.7132014,,,,,,
1340,1495.223646,299.7763538,,,,,,
1341,1546.286799,248.7132014,,,,,,
1342,1546.286799,248.7132014,,,,,,
1343,1546.286799,248.7132014,,,,,,
1344,1546.286799,248.7132014,,,,,,
1345,1546.286799,248.7132014,,,,,,
1346,1546.286799,248.7132014,,,,,,
1347,1546.286799,248.7132014,,,,,,
1348,1546.286799,248.7132014,,,,,,
1349,1546.286799,248.7132014,,,,,,
1350,1546.286799,248.7132014,,,,,,
1351,1546.286799,248.7132014,,,,,,
1352,1546.286799,248.7132014,,,,,,
1353,1546.286799,248.7132014,,,,,,
1354,1546.286799,248.7132014,,,,,,
1355,1507.317551,287.6824493,,,,,,
1356,1546.286799,248.7132014,,,,,,
1357,1546.286799,248.7132014,,,,,,
1358,1546.286799,248.7132014,,,,,,
1359,1546.286799,248.7132014,,,,,,
1360,1546.286799,248.7132014,,,,,,
1361,1578.537211,221.4627893,,,,,,
1362,1442.188202,377.8117977,,,,,,
1363,1429.556791,390.4432091,,,,,,
1364,1576.92469,243.0753099,,,,,,
1365,1576.92469,243.0753099,,,,,,
1366,1528.011565,295.9884349,,,,,,
1367,1537.686689,287.3133113,,,,,,
1368,1506.780044,318.2199561,,,,,,
1369,1537.686689,287.3133113,,,,,,
1370,1546.286799,278.7132014,,,,,,
1371,1506.780044,318.2199561,,,,,,
1372,1491.998605,333.001395,,,,,,
1373,1528.011565,296.9884349,,,,,,
1374,1582.299759,267.7002412,,,,,,
1375,1569.399594,280.6004061,,,,,,
1376,1582.299759,267.7002412,,,,,,
1377,1546.555552,323.4444479,,,,,,
1378,1546.286799,323.7132014,,,,,,
1379,1546.286799,323.7132014,,,,,,
1380,1546.286799,323.7132014,,,,,,
1381,1495.223646,374.7763538,,,,,,
1382,1546.286799,323.7132014,,,,,,
1383,1546.286799,323.7132014,,,,,,
1384,1546.286799,323.7132014,,,,,,
1385,1495.223646,374.7763538,,,,,,
1386,1577.193444,322.8065565,,,,,,
1387,1577.193444,322.8065565,,,,,,
1388,1577.193444,322.8065565,,,,,,
1389,1576.655937,368.3440633,,,,,,
1390,1576.655937,368.3440633,,,,,,
1391,1582.568512,367.4314878,,,,,,
1392,1582.568512,367.4314878,,,,,,
1393,1735.31148,214.6885199,,,,,,
1394,1591.974882,403.0251176,,,,,,
1395,1591.974882,403.0251176,,,,,,
1396,1611.32513,423.6748704,,,,,,
1397,1611.32513,423.6748704,,,,,,
1398,1775.264724,324.7352758,,,,,,
1399,1747.674138,352.325862,,,,,,
1400,1625.300308,489.6996918,,,,,,
1401,1625.300308,489.6996918,,,,,,
1402,1628.256596,496.7434041,,,,,,
1403,1747.674138,427.325862,,,,,,
1404,1759.499289,475.5007109,,,,,,
1405,1627.987843,672.0121575,,,,,,
1406,1627.987843,672.0121575,,,,,,
1407,1793.899729,506.1002714,,,,,,
1408,1793.899729,506.1002714,,,,,,
1409,1793.899729,506.1002714,,,,,,
1410,1797.12477,522.8752301,,,,,,
1411,1777.505769,562.4942308,,,,,,
1412,1942.251624,407.7483759,,,,,,
1413,1798.199784,551.8002164,,,,,,
1414,1627.987843,747.0121575,,,,,,
1415,1627.987843,747.0121575,,,,,,
1416,1627.987843,747.0121575,,,,,,
1417,1820.237565,629.7624348,,,,,,
1418,1821.043825,633.9561745,,,,,,
1419,1821.850086,638.1499142,,,,,,
1420,1879.363321,925.6366794,,,,,,
1421,1888.500937,936.4990626,,,,,,
1422,1888.500937,936.4990626,,,,,,
1423,1888.500937,936.4990626,,,,,,
1424,1888.500937,936.4990626,,,,,,
1425,1501.227239,1348.772761,,,,,,
1426,1869.419444,980.5805564,,,,,,
1427,1888.232184,1061.767816,,,,,,
1428,1888.232184,1061.767816,,,,,,
1429,2030.493768,994.5062321,,,,,,
1430,2150.089046,1049.910954,,,,,,
1431,2150.089046,1049.910954,,,,,,
1432,2320.747476,1179.252524,,,,,,
1433,1495.223646,16460.77635,,,,,,
1434,1493.073619,-193.0736187,,,,,,
1435,2123.391439,76.60856149,,,,,,
1436,1573.699649,-73.69964888,,,,,,
1437,2104.756434,395.2435659,,,,,,
1438,1627.810107,122.1898935,,,,,,
1439,1466.198275,-466.1982754,,,,,,
1440,1250.835757,399.1642426,,,,,,
1441,1446.848028,-296.8480281,,,,,,
1442,1304.586444,-54.58644415,,,,,,
1443,1587.137321,-262.1373206,,,,,,
1444,1318.024116,31.97588415,,,,,,
1445,1789.062167,-139.0621668,,,,,,
1446,1789.062167,-139.0621668,,,,,,
1447,1573.699649,121.3003511,,,,,,
1448,1762.186823,-412.1868235,,,,,,
1449,2125.36373,-375.36373,,,,,,
1450,1627.810107,-932.8101065,,,,,,
1451,1519.948962,-19.94896212,,,,,,
1452,1639.275487,160.7245133,,,,,,
1453,1826.150141,73.84985929,,,,,,
1454,1762.186823,237.8131765,,,,,,
1455,1708.076366,91.92363421,,,,,,
1456,1304.586444,-479.5864442,,,,,,
1457,1318.024116,-368.0241158,,,,,,
1458,1318.024116,-343.0241158,,,,,,
1459,1304.586444,-304.5864442,,,,,,
1460,1304.586444,-104.5864442,,,,,,
1461,1611.32513,-636.3251296,,,,,,
1462,1260.779634,-265.7796344,,,,,,
1463,1466.198275,-266.1982754,,,,,,
1464,2004.424685,-604.4246848,,,,,,
1465,1635.512939,464.4870613,,,,,,
1466,1473.723371,-218.7233715,,,,,,
1467,1473.723371,-218.7233715,,,,,,
1468,1573.699649,-14.69964888,,,,,,
1469,1469.423317,-69.42331656,,,,,,
1470,1600.574992,-100.5749923,,,,,,
1471,2185.204728,114.7952717,,,,,,
1472,1452.760604,2422.239396,,,,,,
1473,1869.688197,230.311803,,,,,,
1474,1869.688197,230.311803,,,,,,
1475,1561.068237,-861.0682375,,,,,,
1476,1217.241578,-342.2415782,,,,,,
1477,1304.586444,-109.5864442,,,,,,
1478,1535.536661,-340.5366613,,,,,,
1479,1493.073619,-243.0736187,,,,,,
1480,1442.010466,-73.01046631,,,,,,
1481,1304.586444,95.41355585,,,,,,
1482,2272.72733,-822.7273302,,,,,,
1483,1507.048797,-42.04879729,,,,,,
1484,1291.148772,258.8512275,,,,,,
1485,1452.760604,97.23939634,,,,,,
1486,1466.198275,83.80172465,,,,,,
1487,1291.148772,308.8512275,,,,,,
1488,1573.699649,26.30035112,,,,,,
1489,1573.699649,26.30035112,,,,,,
1490,1546.824305,53.1756945,,,,,,
1491,1560.799484,114.2005159,,,,,,
1492,1277.711101,422.2888992,,,,,,
1493,1560.799484,189.2005159,,,,,,
1494,1466.198275,283.8017246,,,,,,
1495,1334.149322,440.8506781,,,,,,
1496,1470.49833,324.5016697,,,,,,
1497,1514.842647,280.1573531,,,,,,
1498,1539.030456,260.9695441,,,,,,
1499,1587.137321,212.8626794,,,,,,
1500,1546.824305,353.1756945,,,,,,
1501,1652.266669,322.733331,,,,,,
1502,1331.461788,667.5382125,,,,,,
1503,1331.461788,667.5382125,,,,,,
1504,1573.339878,426.660122,,,,,,
1505,1506.51129,493.4887096,,,,,,
1506,1506.51129,493.4887096,,,,,,
1507,1292.761293,822.2387069,,,,,,
1508,1640.888007,509.1119927,,,,,,
1509,1681.560793,493.4392067,,,,,,
1510,1304.586444,895.4135558,,,,,,
1511,1519.948962,680.0510379,,,,,,
1512,1304.586444,1095.413556,,,,,,
1513,1304.586444,1095.413556,,,,,,
1514,1923.438884,476.5611163,,,,,,
1515,1516.723921,913.2760791,,,,,,
1516,1516.723921,913.2760791,,,,,,
1517,1515.380154,929.6198463,,,,,,
1518,1519.948962,930.0510379,,,,,,
1519,1421.225434,1078.774566,,,,,,
1520,1529.624086,970.3759143,,,,,,
1521,1493.073619,1106.926381,,,,,,
1522,1856.250525,743.7494747,,,,,,
1523,1627.450336,1022.549664,,,,,,
1524,1432.244325,1362.755675,,,,,,
1525,1503.463985,1346.536015,,,,,,
1526,1681.201022,1168.798978,,,,,,
1527,1638.200473,1311.799527,,,,,,
1528,1586.599814,1563.400186,,,,,,
1529,1950.314227,1449.685773,,,,,,
1530,1573.699649,1925.300351,,,,,,
1531,1807.068647,2191.931353,,,,,,
1532,1537.686689,-37.68668875,,,,,,
1533,1600.574992,399.4250077,,,,,,
1534,1744.180343,-244.1803434,,,,,,
1535,1519.948962,-319.9489621,,,,,,
1536,1290.611266,-435.6112656,,,,,,
1537,1277.711101,-377.7111008,,,,,,
1538,1331.461788,-281.4617875,,,,,,
1539,1700.373534,-500.3735337,,,,,,
1540,1735.31148,-535.3114801,,,,,,
1541,1546.824305,-296.8243055,,,,,,
1542,1600.934763,-350.9347632,,,,,,
1543,1600.934763,-350.9347632,,,,,,
1544,1517.261428,-167.2614278,,,,,,
1545,1452.760604,42.23939634,,,,,,
1546,1587.137321,-87.13732057,,,,,,
1547,1708.436137,-208.4361367,,,,,,
1548,1789.062167,10.93783316,,,,,,
1549,1466.198275,-421.1982754,,,,,,
1550,1519.948962,-36.94896212,,,,,,
1551,1519.948962,13.05103788,,,,,,
1552,1681.560793,-1331.560793,,,,,,
1553,1438.963161,511.0368389,,,,,,
1554,2138.801402,361.1985983,,,,,,
1555,2138.801402,561.1985983,,,,,,
1556,1385.212474,-385.2124743,,,,,,
1557,1452.760604,-152.7606037,,,,,,
1558,1697.148492,-222.1484925,,,,,,
1559,1291.148772,253.8512275,,,,,,
1560,1708.436137,191.5638633,,,,,,
1561,1842.812854,257.1871464,,,,,,
1562,1519.948962,650.0510379,,,,,,
1563,1508.930071,686.0699287,,,,,,
1564,1573.162142,621.837858,,,,,,
1565,1950.314227,-300.3142271,,,,,,
1566,2152.330091,-939.3300909,,,,,,
1567,1331.461788,68.53821246,,,,,,
1568,1269.648498,-124.6484978,,,,,,
1569,1450.073069,-205.0730693,,,,,,
1570,1681.560793,-86.56079331,,,,,,
1571,1789.062167,10.93783316,,,,,,
1572,1344.899459,-494.8994592,,,,,,
1573,1291.148772,-591.1487725,,,,,,
1574,1221.810387,-296.8103865,,,,,,
1575,1221.810387,-296.8103865,,,,,,
1576,1318.024116,-343.0241158,,,,,,
1577,1617.059969,-267.0599692,,,,,,
1578,1762.186823,-337.1868235,,,,,,
1579,1654.325679,-54.32567902,,,,,,
1580,1519.948962,-169.9489621,,,,,,
1581,1385.212474,-485.2124743,,,,,,
1582,2004.064914,295.9350861,,,,,,
1583,1670.450885,4.549114947,,,,,,
1584,1797.662277,-297.6622767,,,,,,
1585,1856.250525,-56.25052529,,,,,,
1586,2030.940257,-330.9402573,,,,,,
1587,1519.948962,-519.9489621,,,,,,
1588,1291.148772,-441.1487725,,,,,,
1589,1331.461788,-336.4617875,,,,,,
1590,1351.618295,-351.6182951,,,,,,
1591,1524.786524,-269.7865239,,,,,,
1592,1524.786524,-269.7865239,,,,,,
1593,1524.786524,-269.7865239,,,,,,
1594,1524.786524,-269.7865239,,,,,,
1595,1524.786524,-269.7865239,,,,,,
1596,1524.786524,-254.7865239,,,,,,
1597,1537.955442,-228.9554422,,,,,,
1598,1537.955442,-228.9554422,,,,,,
1599,1541.180483,-187.1804834,,,,,,
1600,1541.180483,-187.1804834,,,,,,
1601,1541.180483,-187.1804834,,,,,,
1602,1541.180483,-187.1804834,,,,,,
1603,1720.261288,29.73871222,,,,,,
1604,2030.940257,-235.9402573,,,,,,
1605,1304.586444,-104.5864442,,,,,,
1606,1573.699649,-578.6996489,,,,,,
1607,2165.316974,634.6830258,,,,,,
1608,1277.711101,-677.7111008,,,,,,
1609,1573.699649,-673.6996489,,,,,,
1610,1708.436137,-608.4361367,,,,,,
1611,1466.198275,33.80172465,,,,,,
1612,1466.198275,33.80172465,,,,,,
1613,1842.812854,7.187146397,,,,,,
1614,1842.812854,349.1871464,,,,,,
1615,2999.172161,-2199.172161,,,,,,
1616,2968.803023,-2168.803023,,,,,,
1617,1533.386634,266.6133662,,,,,,
1618,1573.699649,-748.6996489,,,,,,
1619,1843.172625,-643.1726245,,,,,,
1620,1479.635947,-329.635947,,,,,,
1621,1734.951709,-234.9517092,,,,,,
1622,1923.438884,226.5611163,,,,,,
1623,1537.149182,-637.1491819,,,,,,
1624,1627.810107,-677.8101065,,,,,,
1625,1304.586444,-409.5864442,,,,,,
1626,1519.948962,-219.9489621,,,,,,
1627,1600.574992,-100.5749923,,,,,,
1628,2151.879302,623.1206975,,,,,,
1629,1435.29163,-600.2916305,,,,,,
1630,1906.238664,-880.238664,,,,,,
1631,1546.824305,-496.8243055,,,,,,
1632,1316.411595,-116.4115952,,,,,,
1633,1493.073619,-143.0736187,,,,,,
